customer_id_,_Income__,device_id_,online_id_,store_id_,sku_code,item_id_,item_desc,Quantity_Ordered,Price_Each,Order_Date,payment_status,payment_mode_,Order_Status
Cust2172,685628,141930,0,0,2960,39,iPhone,1,400,2018-12-04,Completed ,CC,COMPLETED
Cust1296,203535,3020877,0,0,2084,42,iPhone,1,400,2021-07-14,Completed ,CC,COMPLETED
Cust6440,295476,738961,2667619,3015240,7228,50,iPhone,1,400,2022-10-01,Completed ,CC,COMPLETED
Cust2399,985984,1331557,0,0,3187,39,Google Phone,1,400,2019-07-18,Completed ,CC,COMPLETED
Cust3643,412456,3774744,1183633,285597,4431,5,Flatscreen TV,1,400,2018-08-10,Completed ,CC,COMPLETED
Cust3212,404624,3299738,0,0,4000,31,ThinkPad Laptop,1,400,2021-10-07,Completed ,CC,COMPLETED
Cust1567,949933,2783621,0,0,2355,42,ThinkPad Laptop,1,400,2022-04-09,Completed ,CC,COMPLETED
Cust4015,331434,3585264,226847,2075964,4803,42,Vareebadd Phone,1,400,2020-08-14,Completed ,CC,COMPLETED
Cust5954,436310,3184214,3255446,790774,6742,18,27in FHD Monitor,1,400,2021-06-03,Completed ,CC,COMPLETED
Cust2000,205090,1908041,0,0,2788,43,Wired Headphones,1,400,2018-06-16,Completed ,CC,COMPLETED
Cust3398,599578,0,0,793864,4186,21,Wired Headphones,1,400,2022-04-09,Completed ,CC,COMPLETED
Cust6520,935434,3541360,103985,1630034,7308,38,Wired Headphones,1,400,2022-12-19,Completed ,CC,COMPLETED
Cust5970,897515,1099971,712071,272105,6758,19,Wired Headphones,1,400,2021-06-19,Completed ,CC,COMPLETED
Cust6018,778378,2169465,2040100,2421933,6806,8,Wired Headphones,1,400,2021-08-06,Completed ,CC,COMPLETED
Cust5276,670754,2885352,1873009,801198,6064,18,Wired Headphones,1,400,2019-07-28,Completed ,CC,COMPLETED
Cust2079,655129,481643,0,0,2867,4,Wired Headphones,1,400,2018-09-03,Completed ,CC,COMPLETED
Cust5316,268378,2479063,3377318,3304836,6104,37,LG Washing Machine,1,400,2019-09-06,Completed ,CC,COMPLETED
Cust3445,280211,0,0,954585,4233,13,LG Washing Machine,1,400,2018-01-25,Completed ,CC,COMPLETED
Cust130,135460,0,1822462,0,918,26,USB-C Charging Cable,1,400,2018-05-10,Completed ,CC,COMPLETED
Cust4635,697221,2906767,504787,3353856,5423,17,USB-C Charging Cable,1,400,2022-04-25,Completed ,CC,COMPLETED
Cust4454,158300,505363,1415991,2165438,5242,9,USB-C Charging Cable,1,400,2021-10-26,Completed ,CC,COMPLETED
Cust6507,173785,325032,1117904,2080903,7295,19,USB-C Charging Cable,1,400,2022-12-06,Completed ,CC,COMPLETED
Cust5667,505135,3982306,2618568,3749957,6455,17,USB-C Charging Cable,1,400,2020-08-21,Completed ,CC,COMPLETED
Cust5864,596424,1525019,1777607,397346,6652,16,USB-C Charging Cable,1,400,2021-03-06,Completed ,CC,COMPLETED
Cust5975,326674,804669,3090243,1533351,6763,38,USB-C Charging Cable,1,400,2021-06-24,Completed ,CC,COMPLETED
Cust1989,574215,2412181,0,0,2777,36,AA Batteries (4-pack),1,400,2018-06-05,Completed ,CC,COMPLETED
Cust1056,474355,0,0,2285868,1844,16,AA Batteries (4-pack),1,400,2020-11-17,Completed ,CC,COMPLETED
Cust4212,757845,2210918,394839,2466753,5000,19,AA Batteries (4-pack),1,400,2021-02-26,Completed ,CC,COMPLETED
Cust5743,661285,918779,520856,3318881,6531,14,AA Batteries (4-pack),1,400,2020-11-05,Completed ,CC,COMPLETED
Cust4287,243026,3051797,2563198,1948584,5075,30,AA Batteries (4-pack),1,400,2021-05-12,Completed ,CC,COMPLETED
Cust2014,446760,1967118,0,0,2802,50,AA Batteries (4-pack),1,400,2018-06-30,Completed ,CC,COMPLETED
Cust4908,772078,3527913,1778831,324088,5696,3,AA Batteries (4-pack),1,400,2018-07-26,Completed ,CC,COMPLETED
Cust3723,194989,3636286,1576081,279350,4511,21,AA Batteries (4-pack),1,400,2018-10-29,Completed ,CC,COMPLETED
Cust293,882046,322245,0,0,1081,15,AA Batteries (4-pack),1,400,2018-10-19,Completed ,CC,COMPLETED
Cust5285,148559,2334924,1975339,962570,6073,16,27in 4K Gaming Monitor,1,400,2019-08-06,Completed ,CC,COMPLETED
Cust1160,322128,0,936769,0,1948,8,34in Ultrawide Monitor,1,400,2021-02-28,Completed ,CC,COMPLETED
Cust4606,967829,2984238,733281,3483932,5394,44,34in Ultrawide Monitor,1,400,2022-03-27,Completed ,CC,COMPLETED
Cust386,737283,2444155,0,0,1174,19,AAA Batteries (4-pack),3,400,2019-01-20,Completed ,CC,COMPLETED
Cust386,737283,2444155,0,0,1174,19,AAA Batteries (4-pack),3,400,2019-01-20,Completed ,CC,COMPLETED
Cust5958,165345,2518454,502571,623307,6746,11,AAA Batteries (4-pack),1,400,2021-06-07,Completed ,CC,COMPLETED
Cust4340,968217,1638528,1715189,1534441,5128,19,AAA Batteries (4-pack),1,400,2021-07-04,Completed ,CC,COMPLETED
Cust2994,223876,1719370,0,0,3782,20,AAA Batteries (4-pack),1,400,2021-03-04,Completed ,CC,COMPLETED
Cust6131,313091,1132586,3023406,3660966,6919,12,AAA Batteries (4-pack),1,400,2021-11-27,Completed ,CC,COMPLETED
Cust386,737283,2444155,0,0,1174,19,AAA Batteries (4-pack),3,400,2019-01-20,Completed ,CC,COMPLETED
Cust4128,384244,1900324,2682472,244160,4916,8,AAA Batteries (4-pack),1,400,2020-12-04,Completed ,CC,COMPLETED
Cust386,737283,2444155,0,0,1174,19,AAA Batteries (4-pack),3,400,2019-01-20,Completed ,CC,COMPLETED
Cust5529,876634,3978923,3119570,3239996,6317,29,AAA Batteries (4-pack),1,400,2020-04-06,Completed ,CC,COMPLETED
Cust5959,175360,2154661,2727776,3334227,6747,1,AAA Batteries (4-pack),1,400,2021-06-08,Completed ,CC,COMPLETED
Cust5790,512360,364464,1942583,1435531,6578,34,AAA Batteries (4-pack),1,400,2020-12-22,Completed ,CC,COMPLETED
Cust386,737283,2444155,0,0,1174,19,AAA Batteries (4-pack),3,400,2019-01-20,Completed ,CC,COMPLETED
Cust3906,730139,3231915,3947645,3424840,4694,27,Apple Airpods Headphones,1,400,2020-04-27,Completed ,CC,COMPLETED
Cust2195,539343,3664377,0,0,2983,9,Apple Airpods Headphones,1,400,2018-12-27,Completed ,CC,COMPLETED
Cust3785,410734,1418427,1710155,3131909,4573,16,Apple Airpods Headphones,1,400,2019-12-29,Completed ,CC,COMPLETED
Cust3255,747045,1392640,0,0,4043,17,Apple Airpods Headphones,1,400,2021-11-18,Completed ,CC,COMPLETED
Cust5594,490925,2487622,3145251,3144838,6382,50,Lightning Charging Cable,1,400,2020-06-10,Completed ,CC,COMPLETED
Cust2176,486984,1379701,0,0,2964,9,Lightning Charging Cable,1,400,2018-12-08,Completed ,CC,COMPLETED
Cust4292,938450,3786268,2406034,1580695,5080,13,Lightning Charging Cable,1,400,2021-05-17,Completed ,CC,COMPLETED
Cust4921,227751,2531829,855378,1180258,5709,1,Lightning Charging Cable,1,400,2018-08-08,Completed ,CC,COMPLETED
Cust3333,972171,3088618,0,0,4121,50,Lightning Charging Cable,1,400,2022-02-04,Completed ,CC,COMPLETED
Cust2979,284894,1857803,0,0,3767,20,Lightning Charging Cable,1,400,2021-02-17,Completed ,CC,COMPLETED
Cust5064,400368,183212,1665397,1432303,5852,29,Lightning Charging Cable,1,400,2018-12-28,Completed ,CC,COMPLETED
Cust1488,766492,1412956,0,0,2276,44,Lightning Charging Cable,1,400,2022-01-21,Completed ,CC,COMPLETED
Cust4538,249516,828958,1693256,1723280,5326,15,Bose SoundSport Headphones,1,400,2022-01-18,Completed ,CC,COMPLETED
Cust37,731170,0,0,3949492,825,3,Bose SoundSport Headphones,1,400,2018-02-06,Completed ,CC,COMPLETED
Cust643,354010,2460018,1891118,1325538,1431,5,Bose SoundSport Headphones,1,400,2019-10-04,Completed ,CC,COMPLETED
Cust4980,224415,1349943,3465050,3730931,5768,5,Bose SoundSport Headphones,1,400,2018-10-05,Completed ,CC,COMPLETED
Cust3754,376078,3733649,1453441,125347,4542,4,Bose SoundSport Headphones,1,400,2018-11-29,Completed ,CC,COMPLETED
Cust5221,103537,3972529,3732272,2032360,6009,30,Bose SoundSport Headphones,1,400,2019-06-03,Completed ,CC,COMPLETED
Cust1947,174010,2337814,0,0,2735,24,Bose SoundSport Headphones,1,400,2018-04-24,Completed ,CC,COMPLETED
Cust1031,983046,0,2066553,0,1819,44,iPhone,1,1700,2020-10-23,Completed ,CC,COMPLETED
Cust4299,305965,818274,1226239,738457,5087,23,iPhone,1,1700,2021-05-24,Completed ,CC,COMPLETED
Cust3766,109819,2005908,3737627,2159320,4554,31,iPhone,1,1700,2019-12-10,Completed ,CC,COMPLETED
Cust3116,234669,2726995,0,0,3904,49,iPhone,1,1700,2021-07-03,Completed ,CC,COMPLETED
Cust1313,362365,1541271,0,0,2101,8,Product,1,1700,2021-07-31,Completed ,CC,COMPLETED
Cust4401,121599,2420524,1895369,1655065,5189,50,20in Monitor,1,1700,2021-09-03,Completed ,CC,COMPLETED
Cust1745,302784,204470,0,0,2533,38,20in Monitor,1,1700,2022-10-04,Completed ,CC,COMPLETED
Cust53,325556,0,495091,0,841,48,20in Monitor,1,1700,2018-02-22,Completed ,CC,COMPLETED
Cust3809,736679,908926,1373225,1722983,4597,4,Google Phone,1,1700,2020-01-22,Completed ,CC,COMPLETED
Cust5275,516452,2381788,2662503,184533,6063,41,Google Phone,1,1700,2019-07-27,Completed ,CC,COMPLETED
Cust5331,290093,1278289,261435,880674,6119,41,Google Phone,1,1700,2019-09-21,Completed ,CC,COMPLETED
Cust2896,804599,2511124,0,0,3684,2,Flatscreen TV,1,1700,2020-11-26,Completed ,CC,COMPLETED
Cust4544,985458,2801974,793546,2424877,5332,22,ThinkPad Laptop,1,1700,2022-01-24,Completed ,CC,COMPLETED
Cust4014,774019,1276325,515448,3397562,4802,42,ThinkPad Laptop,1,1700,2020-08-13,Completed ,CC,COMPLETED
Cust2890,396176,1040980,0,0,3678,48,ThinkPad Laptop,1,1700,2020-11-20,Completed ,CC,COMPLETED
Cust1188,918147,0,439258,0,1976,10,Vareebadd Phone,1,1700,2021-03-28,Completed ,CC,COMPLETED
Cust2154,943606,2336661,0,0,2942,3,Vareebadd Phone,1,1700,2018-11-16,Completed ,CC,COMPLETED
Cust5034,310441,2507587,2823258,1916958,5822,29,27in FHD Monitor,1,1700,2018-11-28,Completed ,CC,COMPLETED
Cust4512,584619,2670346,2950068,870401,5300,2,27in FHD Monitor,1,1700,2021-12-23,Completed ,CC,COMPLETED
Cust575,866861,1706027,0,0,1363,27,27in FHD Monitor,1,1700,2019-07-28,Completed ,CC,COMPLETED
Cust4403,947195,1101492,956156,2854787,5191,19,27in FHD Monitor,1,1700,2021-09-05,Completed ,CC,COMPLETED
Cust2960,147593,3421063,0,0,3748,15,27in FHD Monitor,1,1700,2021-01-29,Completed ,CC,COMPLETED
Cust4335,601284,3757486,1818353,1337637,5123,20,27in FHD Monitor,1,1700,2021-06-29,Completed ,CC,COMPLETED
Cust3982,816035,2104911,3759824,2709532,4770,27,27in FHD Monitor,1,1700,2020-07-12,Completed ,CC,COMPLETED
Cust2981,934355,1541724,0,0,3769,2,27in FHD Monitor,1,1700,2021-02-19,Completed ,CC,COMPLETED
Cust2192,537537,548409,0,0,2980,9,27in FHD Monitor,1,1700,2018-12-24,Completed ,CC,COMPLETED
Cust1658,996365,1163209,0,0,2446,3,27in FHD Monitor,1,1700,2022-07-09,Completed ,CC,COMPLETED
Cust4557,976785,2255363,1685121,1521646,5345,45,27in FHD Monitor,1,1700,2022-02-06,Completed ,CC,COMPLETED
Cust2120,922610,405309,0,0,2908,17,27in FHD Monitor,1,1700,2018-10-14,Completed ,CC,COMPLETED
Cust1922,435860,1084461,0,0,2710,12,27in FHD Monitor,1,1700,2018-03-30,Completed ,CC,COMPLETED
Cust2337,296969,447751,0,0,3125,2,Wired Headphones,1,1700,2019-05-17,Completed ,CC,COMPLETED
Cust897,853383,3218020,0,0,1685,32,Wired Headphones,1,1700,2020-06-11,Completed ,CC,COMPLETED
Cust3953,799431,1320469,880958,1460937,4741,43,Wired Headphones,1,1700,2020-06-13,Completed ,CC,COMPLETED
Cust3325,763088,3582308,0,0,4113,13,Wired Headphones,1,1700,2022-01-27,Completed ,CC,COMPLETED
Cust5888,611552,3661883,1145875,1289214,6676,45,Wired Headphones,1,1700,2021-03-30,Completed ,CC,COMPLETED
Cust2424,626560,705694,0,0,3212,23,Wired Headphones,1,1700,2019-08-12,Completed ,CC,COMPLETED
Cust3671,190298,1414730,514989,1348018,4459,12,Wired Headphones,1,1700,2018-09-07,Completed ,CC,COMPLETED
Cust5042,305152,3678057,1907975,808488,5830,48,Wired Headphones,1,1700,2018-12-06,Completed ,CC,COMPLETED
Cust1498,956378,799822,0,0,2286,24,Wired Headphones,1,1700,2022-01-30,Completed ,CC,COMPLETED
Cust1089,823186,0,0,646324,1877,48,Wired Headphones,1,1700,2020-12-20,Completed ,CC,COMPLETED
Cust2402,394465,3061027,0,0,3190,11,Wired Headphones,1,1700,2019-07-21,Completed ,CC,COMPLETED
Cust2058,647835,3632408,0,0,2846,21,Wired Headphones,1,1700,2018-08-13,Completed ,CC,COMPLETED
Cust3663,172273,1869526,1977632,2503695,4451,50,Wired Headphones,1,1700,2018-08-30,Completed ,CC,COMPLETED
Cust1,179749,1251096,0,0,789,7,LG Washing Machine,1,1700,2018-01-01,Failed,UPI,NULL
Cust2912,631696,455691,0,0,3700,42,Macbook Pro Laptop,1,1700,2020-12-12,Completed ,CC,COMPLETED
Cust1,179749,1251096,0,0,789,9,Macbook Pro Laptop,1,1700,2018-01-01,Pending ,UPI,NULL
Cust3078,762774,1009204,0,0,3866,43,USB-C Charging Cable,1,1700,2021-05-26,Completed ,CC,COMPLETED
Cust3686,450178,726154,3648621,748451,4474,32,USB-C Charging Cable,1,1700,2018-09-22,Completed ,CC,COMPLETED
Cust1626,954516,3096650,0,0,2414,14,USB-C Charging Cable,1,1700,2022-06-07,Completed ,CC,COMPLETED
Cust2514,477483,3989446,0,0,3302,43,USB-C Charging Cable,1,1700,2019-11-10,Completed ,CC,COMPLETED
Cust3630,151043,2270386,3294007,1514002,4418,14,USB-C Charging Cable,1,1700,2018-07-28,Completed ,CC,COMPLETED
Cust4165,403639,3349171,3944293,2046527,4953,26,USB-C Charging Cable,1,1700,2021-01-10,Completed ,CC,COMPLETED
Cust927,982472,577120,0,0,1715,37,USB-C Charging Cable,1,1700,2020-07-11,Completed ,CC,COMPLETED
Cust1,179749,1251096,0,0,789,40,USB-C Charging Cable,1,1700,2018-01-01,Completed ,UPI,COMPLETED
Cust5026,558474,3313303,702650,2097202,5814,5,USB-C Charging Cable,1,1700,2018-11-20,Completed ,CC,COMPLETED
Cust2363,204675,529718,0,0,3151,30,USB-C Charging Cable,1,1700,2019-06-12,Completed ,CC,COMPLETED
Cust3038,405812,2480581,0,0,3826,27,USB-C Charging Cable,1,1700,2021-04-17,Completed ,CC,COMPLETED
Cust4265,828093,1549453,1673331,3256793,5053,46,USB-C Charging Cable,1,1700,2021-04-20,Completed ,CC,COMPLETED
Cust3902,121674,3821907,407447,1711207,4690,49,USB-C Charging Cable,1,1700,2020-04-23,Completed ,CC,COMPLETED
Cust2032,280112,1818104,0,0,2820,2,USB-C Charging Cable,1,1700,2018-07-18,Completed ,CC,COMPLETED
Cust4642,865898,3693298,2128547,1719673,5430,12,USB-C Charging Cable,1,1700,2022-05-02,Completed ,CC,COMPLETED
Cust6384,546217,1612498,1753880,326559,7172,20,USB-C Charging Cable,1,1700,2022-08-06,Completed ,CC,COMPLETED
Cust2124,708215,1253099,0,0,2912,30,USB-C Charging Cable,1,1700,2018-10-18,Completed ,CC,COMPLETED
Cust5136,503735,1048775,1156237,2557104,5924,20,USB-C Charging Cable,1,1700,2019-03-10,Completed ,CC,COMPLETED
Cust1908,279967,3177495,0,0,2696,28,USB-C Charging Cable,1,1700,2018-03-16,Completed ,CC,COMPLETED
Cust6030,955491,674026,394033,3258219,6818,46,USB-C Charging Cable,1,1700,2021-08-18,Completed ,CC,COMPLETED
Cust3458,445688,0,0,2421840,4246,1,USB-C Charging Cable,1,1700,2018-02-07,Completed ,CC,COMPLETED
Cust5527,233564,621182,2387097,2815841,6315,10,USB-C Charging Cable,1,1700,2020-04-04,Completed ,CC,COMPLETED
Cust2731,884372,0,0,3880541,3519,9,USB-C Charging Cable,1,1700,2020-06-14,Completed ,CC,COMPLETED
Cust2062,173614,765690,0,0,2850,9,USB-C Charging Cable,1,1700,2018-08-17,Completed ,CC,COMPLETED
Cust1333,740580,1139074,0,0,2121,5,USB-C Charging Cable,1,1700,2021-08-20,Completed ,CC,COMPLETED
Cust5715,316514,2182019,3775047,2975488,6503,44,USB-C Charging Cable,1,1700,2020-10-08,Completed ,CC,COMPLETED
Cust5909,682116,2860364,1369262,3861575,6697,49,AA Batteries (4-pack),1,1700,2021-04-19,Completed ,CC,COMPLETED
Cust1415,161761,2653225,0,0,2203,24,AA Batteries (4-pack),1,1700,2021-11-09,Completed ,CC,COMPLETED
Cust4886,341648,2985746,137501,404597,5674,17,AA Batteries (4-pack),1,1700,2018-07-04,Completed ,CC,COMPLETED
Cust3003,961981,1370794,0,0,3791,36,AA Batteries (4-pack),1,1700,2021-03-13,Completed ,CC,COMPLETED
Cust6416,884685,242587,981421,2099356,7204,46,AA Batteries (4-pack),1,1700,2022-09-07,Completed ,CC,COMPLETED
Cust5530,504968,1300609,515013,1235161,6318,21,AA Batteries (4-pack),1,1700,2020-04-07,Completed ,CC,COMPLETED
Cust2447,397048,3189861,0,0,3235,6,AA Batteries (4-pack),1,1700,2019-09-04,Completed ,CC,COMPLETED
Cust3109,665587,2314410,0,0,3897,24,AA Batteries (4-pack),1,1700,2021-06-26,Completed ,CC,COMPLETED
Cust5716,323340,1560846,3646744,316113,6504,9,AA Batteries (4-pack),1,1700,2020-10-09,Completed ,CC,COMPLETED
Cust1311,669350,1703623,0,0,2099,16,AA Batteries (4-pack),1,1700,2021-07-29,Completed ,CC,COMPLETED
Cust2645,230804,0,0,741727,3433,26,AA Batteries (4-pack),1,1700,2020-03-20,Completed ,CC,COMPLETED
Cust4283,747556,979556,3400149,1918806,5071,46,AA Batteries (4-pack),1,1700,2021-05-08,Completed ,CC,COMPLETED
Cust2113,248003,223592,0,0,2901,16,AA Batteries (4-pack),1,1700,2018-10-07,Completed ,CC,COMPLETED
Cust256,990231,2971192,0,0,1044,17,AA Batteries (4-pack),2,1700,2018-09-13,Completed ,CC,COMPLETED
Cust5353,457332,882742,964576,581966,6141,22,AA Batteries (4-pack),1,1700,2019-10-13,Completed ,CC,COMPLETED
Cust3036,274740,3803532,0,0,3824,7,AA Batteries (4-pack),1,1700,2021-04-15,Completed ,CC,COMPLETED
Cust4611,549424,3821128,489656,3570596,5399,45,AA Batteries (4-pack),1,1700,2022-04-01,Completed ,CC,COMPLETED
Cust5357,656977,3897204,473278,3326512,6145,9,AA Batteries (4-pack),1,1700,2019-10-17,Completed ,CC,COMPLETED
Cust5558,829592,1035229,2514141,2999603,6346,17,27in 4K Gaming Monitor,1,1700,2020-05-05,Completed ,CC,COMPLETED
Cust2863,954225,3232760,0,0,3651,46,27in 4K Gaming Monitor,1,1700,2020-10-24,Completed ,CC,COMPLETED
Cust4461,903183,1926534,152012,330101,5249,26,27in 4K Gaming Monitor,1,1700,2021-11-02,Completed ,CC,COMPLETED
Cust4196,125860,2405057,3137893,3722360,4984,27,27in 4K Gaming Monitor,1,1700,2021-02-10,Completed ,CC,COMPLETED
Cust2311,188920,2772814,0,0,3099,30,27in 4K Gaming Monitor,1,1700,2019-04-21,Completed ,CC,COMPLETED
Cust1302,226962,3131942,0,0,2090,16,27in 4K Gaming Monitor,1,1700,2021-07-20,Completed ,CC,COMPLETED
Cust4215,945714,1565685,1045364,1983221,5003,16,27in 4K Gaming Monitor,1,1700,2021-03-01,Completed ,CC,COMPLETED
Cust3056,827877,3180923,0,0,3844,11,27in 4K Gaming Monitor,1,1700,2021-05-04,Completed ,CC,COMPLETED
Cust5416,505936,2590058,1886907,861149,6204,30,34in Ultrawide Monitor,1,1700,2019-12-15,Completed ,CC,COMPLETED
Cust4660,781612,2801963,1591125,3397835,5448,43,34in Ultrawide Monitor,1,1700,2022-05-20,Completed ,CC,COMPLETED
Cust5731,216960,3376982,2014362,837752,6519,21,34in Ultrawide Monitor,1,1700,2020-10-24,Completed ,CC,COMPLETED
Cust5009,652052,3613876,3064948,2696046,5797,32,34in Ultrawide Monitor,1,1700,2018-11-03,Completed ,CC,COMPLETED
Cust5110,170694,696572,498415,255079,5898,8,34in Ultrawide Monitor,1,1700,2019-02-12,Completed ,CC,COMPLETED
Cust1008,568272,3080952,0,0,1796,1,AAA Batteries (4-pack),1,1700,2020-09-30,Completed ,CC,COMPLETED
Cust6267,544923,3701201,1794825,3452954,7055,42,AAA Batteries (4-pack),1,1700,2022-04-11,Completed ,CC,COMPLETED
Cust1737,109318,1204873,0,0,2525,25,AAA Batteries (4-pack),1,1700,2022-09-26,Completed ,CC,COMPLETED
Cust3415,684659,0,0,3696988,4203,44,AAA Batteries (4-pack),1,1700,2022-04-26,Completed ,CC,COMPLETED
Cust917,114952,3308134,0,0,1705,10,AAA Batteries (4-pack),1,1700,2020-07-01,Completed ,CC,COMPLETED
Cust4559,546063,2493110,514179,3893538,5347,36,AAA Batteries (4-pack),1,1700,2022-02-08,Completed ,CC,COMPLETED
Cust314,696886,2935379,0,0,1102,19,AAA Batteries (4-pack),1,1700,2018-11-09,Completed ,CC,COMPLETED
Cust4859,358818,1722765,1923063,798928,5647,38,AAA Batteries (4-pack),1,1700,2018-06-07,Completed ,CC,COMPLETED
Cust1406,726181,1219751,0,0,2194,10,AAA Batteries (4-pack),1,1700,2021-10-31,Completed ,CC,COMPLETED
Cust3228,794991,3119290,0,0,4016,48,AAA Batteries (4-pack),1,1700,2021-10-23,Completed ,CC,COMPLETED
Cust5429,965389,3626710,922329,3033112,6217,42,AAA Batteries (4-pack),1,1700,2019-12-28,Completed ,CC,COMPLETED
Cust4194,158371,3105062,1945266,2905606,4982,9,AAA Batteries (4-pack),1,1700,2021-02-08,Completed ,CC,COMPLETED
Cust3127,112908,419074,0,0,3915,32,AAA Batteries (4-pack),1,1700,2021-07-14,Completed ,CC,COMPLETED
Cust1369,838462,2692857,0,0,2157,48,AAA Batteries (4-pack),1,1700,2021-09-25,Completed ,CC,COMPLETED
Cust309,502574,3955082,0,0,1097,13,AAA Batteries (4-pack),1,1700,2018-11-04,Completed ,CC,COMPLETED
Cust4657,691691,2457635,2575798,3113035,5445,23,AAA Batteries (4-pack),1,1700,2022-05-17,Completed ,CC,COMPLETED
Cust4362,485516,3915286,3090867,1232037,5150,40,AAA Batteries (4-pack),1,1700,2021-07-26,Completed ,CC,COMPLETED
Cust4492,212919,740919,558393,519467,5280,50,AAA Batteries (4-pack),1,1700,2021-12-03,Completed ,CC,COMPLETED
Cust2411,597621,233797,0,0,3199,48,Apple Airpods Headphones,1,1700,2019-07-30,Completed ,CC,COMPLETED
Cust2800,230128,3289829,0,0,3588,19,Apple Airpods Headphones,1,1700,2020-08-22,Completed ,CC,COMPLETED
Cust2672,822389,0,0,3225559,3460,22,Apple Airpods Headphones,1,1700,2020-04-16,Completed ,CC,COMPLETED
Cust5733,689688,716614,2091793,2549450,6521,19,Apple Airpods Headphones,1,1700,2020-10-26,Completed ,CC,COMPLETED
Cust1662,541287,409300,0,0,2450,18,Apple Airpods Headphones,1,1700,2022-07-13,Completed ,CC,COMPLETED
Cust3848,853403,2376104,2733234,340624,4636,38,Apple Airpods Headphones,1,1700,2020-03-01,Completed ,CC,COMPLETED
Cust1401,105206,1768027,0,0,2189,6,Apple Airpods Headphones,1,1700,2021-10-26,Completed ,CC,COMPLETED
Cust1930,431366,332032,0,0,2718,27,Apple Airpods Headphones,1,1700,2018-04-07,Completed ,CC,COMPLETED
Cust944,771516,2080656,0,0,1732,6,Lightning Charging Cable,1,1700,2020-07-28,Completed ,CC,COMPLETED
Cust4710,806375,1786075,748197,1240209,5498,46,Lightning Charging Cable,1,1700,2018-01-19,Completed ,CC,COMPLETED
Cust3779,959015,2065433,3495455,2280927,4567,3,Lightning Charging Cable,1,1700,2019-12-23,Completed ,CC,COMPLETED
Cust5768,189014,3297076,510233,727216,6556,36,Lightning Charging Cable,1,1700,2020-11-30,Completed ,CC,COMPLETED
Cust4180,790509,3318443,2112240,3285110,4968,38,Lightning Charging Cable,1,1700,2021-01-25,Completed ,CC,COMPLETED
Cust6085,824458,3792583,799344,3032860,6873,26,Lightning Charging Cable,1,1700,2021-10-12,Completed ,CC,COMPLETED
Cust224,483252,705588,0,0,1012,38,Lightning Charging Cable,1,1700,2018-08-12,Completed ,CC,COMPLETED
Cust5157,991898,2206894,1843119,330949,5945,1,Lightning Charging Cable,1,1700,2019-03-31,Completed ,CC,COMPLETED
Cust5542,563838,3199472,947982,1352366,6330,7,Lightning Charging Cable,1,1700,2020-04-19,Completed ,CC,COMPLETED
Cust6389,657295,2609873,1639423,3408349,7177,26,Lightning Charging Cable,1,1700,2022-08-11,Completed ,CC,COMPLETED
Cust2799,608304,334970,0,0,3587,23,Lightning Charging Cable,1,1700,2020-08-21,Completed ,CC,COMPLETED
Cust3912,379353,2346220,319020,1404028,4700,9,Lightning Charging Cable,1,1700,2020-05-03,Completed ,CC,COMPLETED
Cust6262,631686,1114763,1056201,3945688,7050,9,Lightning Charging Cable,1,1700,2022-04-06,Completed ,CC,COMPLETED
Cust5690,258674,3993155,3456455,2658577,6478,23,Lightning Charging Cable,1,1700,2020-09-13,Completed ,CC,COMPLETED
Cust2165,781796,3358246,0,0,2953,2,Lightning Charging Cable,1,1700,2018-11-27,Completed ,CC,COMPLETED
Cust5732,318177,3877707,1807748,2553158,6520,50,Lightning Charging Cable,1,1700,2020-10-25,Completed ,CC,COMPLETED
Cust2074,111166,2248193,0,0,2862,8,Lightning Charging Cable,1,1700,2018-08-29,Completed ,CC,COMPLETED
Cust2792,701799,2110481,0,0,3580,18,Lightning Charging Cable,1,1700,2020-08-14,Completed ,CC,COMPLETED
Cust4485,247816,190534,1855339,1224241,5273,5,Lightning Charging Cable,1,1700,2021-11-26,Completed ,CC,COMPLETED
Cust2944,742750,3829914,0,0,3732,28,Lightning Charging Cable,1,1700,2021-01-13,Completed ,CC,COMPLETED
Cust3290,476631,3661713,0,0,4078,49,Lightning Charging Cable,1,1700,2021-12-23,Completed ,CC,COMPLETED
Cust1789,716475,103084,0,0,2577,33,Lightning Charging Cable,1,1700,2022-11-17,Completed ,CC,COMPLETED
Cust6067,850675,2321845,3646611,3107017,6855,34,Lightning Charging Cable,1,1700,2021-09-24,Completed ,CC,COMPLETED
Cust1431,142147,3140705,0,0,2219,29,Lightning Charging Cable,1,1700,2021-11-25,Completed ,CC,COMPLETED
Cust4253,600666,2034835,2301367,3875855,5041,15,Bose SoundSport Headphones,1,1700,2021-04-08,Completed ,CC,COMPLETED
Cust3807,160485,1665589,271771,3242950,4595,33,Bose SoundSport Headphones,1,1700,2020-01-20,Completed ,CC,COMPLETED
Cust5862,765085,3620835,1838490,1651129,6650,48,Bose SoundSport Headphones,1,1700,2021-03-04,Completed ,CC,COMPLETED
Cust3293,947987,2829903,0,0,4081,34,Bose SoundSport Headphones,1,1700,2021-12-26,Completed ,CC,COMPLETED
Cust1514,955832,2620235,0,0,2302,4,Bose SoundSport Headphones,1,1700,2022-02-15,Completed ,CC,COMPLETED
Cust2941,125051,1170332,0,0,3729,2,Bose SoundSport Headphones,1,1700,2021-01-10,Completed ,CC,COMPLETED
Cust1507,696853,3998970,0,0,2295,22,Bose SoundSport Headphones,1,1700,2022-02-08,Completed ,CC,COMPLETED
Cust2451,110983,2698021,0,0,3239,27,Bose SoundSport Headphones,1,1700,2019-09-08,Completed ,CC,COMPLETED
Cust3226,618207,3688955,0,0,4014,6,Bose SoundSport Headphones,1,1700,2021-10-21,Completed ,CC,COMPLETED
Cust3360,244448,3437043,0,0,4148,25,Bose SoundSport Headphones,1,1700,2022-03-03,Completed ,CC,COMPLETED
Cust1076,315212,0,0,2799031,1864,24,Bose SoundSport Headphones,1,1700,2020-12-07,Completed ,CC,COMPLETED
Cust5267,130815,785316,1645877,1040602,6055,9,Bose SoundSport Headphones,1,1700,2019-07-19,Completed ,CC,COMPLETED
Cust2499,350024,2521144,0,0,3287,7,Bose SoundSport Headphones,1,1700,2019-10-26,Completed ,CC,COMPLETED
Cust480,172912,3733122,0,0,1268,27,Bose SoundSport Headphones,1,1700,2019-04-24,Completed ,CC,COMPLETED
Cust4415,396856,3911096,2411029,782517,5203,6,Bose SoundSport Headphones,1,1700,2021-09-17,Completed ,CC,COMPLETED
Cust4045,222584,3878369,743707,1102411,4833,1,iPhone,1,150,2020-09-13,Completed ,CC,COMPLETED
Cust3788,718232,1715821,1638586,1992076,4576,14,iPhone,1,150,2020-01-01,Completed ,CC,COMPLETED
Cust5953,469011,2107849,2689820,732845,6741,16,iPhone,1,150,2021-06-02,Completed ,CC,COMPLETED
Cust1377,863036,2107142,0,0,2165,23,iPhone,1,150,2021-10-03,Completed ,CC,COMPLETED
Cust343,211114,2130316,0,0,1131,7,iPhone,1,150,2018-12-08,Completed ,CC,COMPLETED
Cust5489,814767,3480068,3530205,2982473,6277,44,iPhone,1,150,2020-02-26,Completed ,CC,COMPLETED
Cust1795,980483,1424925,0,0,2583,47,iPhone,1,150,2022-11-23,Completed ,CC,COMPLETED
Cust3952,587924,3220108,2147814,3720191,4740,6,iPhone,1,150,2020-06-12,Completed ,CC,COMPLETED
Cust2463,399350,3785506,0,0,3251,22,iPhone,1,150,2019-09-20,Completed ,CC,COMPLETED
Cust343,211114,2130316,0,0,1131,7,iPhone,1,150,2018-12-08,Completed ,CC,COMPLETED
Cust6163,332398,1695039,3977534,2224774,6951,23,iPhone,1,150,2021-12-29,Completed ,CC,COMPLETED
Cust1933,326831,2386011,0,0,2721,10,iPhone,1,150,2018-04-10,Completed ,CC,COMPLETED
Cust343,211114,2130316,0,0,1131,7,iPhone,1,150,2018-12-08,Completed ,CC,COMPLETED
Cust343,211114,2130316,0,0,1131,7,iPhone,1,150,2018-12-08,Completed ,CC,COMPLETED
Cust2620,234704,0,0,2157073,3408,8,iPhone,1,150,2020-02-24,Completed ,CC,COMPLETED
Cust2437,705272,2106769,0,0,3225,2,iPhone,1,150,2019-08-25,Completed ,CC,COMPLETED
Cust3619,673123,1135425,1539784,1613327,4407,26,iPhone,1,150,2018-07-17,Completed ,CC,COMPLETED
Cust343,211114,2130316,0,0,1131,7,iPhone,1,150,2018-12-08,Completed ,CC,COMPLETED
Cust1562,486949,1544590,0,0,2350,14,iPhone,1,150,2022-04-04,Completed ,CC,COMPLETED
Cust5783,659815,1471617,303175,3776210,6571,23,iPhone,1,150,2020-12-15,Completed ,CC,COMPLETED
Cust3553,204981,3004223,2818040,1039580,4341,42,iPhone,1,150,2018-05-12,Completed ,CC,COMPLETED
Cust4683,925030,1926357,111515,1207818,5471,40,iPhone,1,150,2022-06-12,Completed ,CC,COMPLETED
Cust2107,270857,2923159,0,0,2895,27,Product,1,150,2018-10-01,Completed ,CC,COMPLETED
Cust1586,744125,2080912,0,0,2374,49,20in Monitor,1,150,2022-04-28,Completed ,CC,COMPLETED
Cust5736,476959,1819283,2218095,1237994,6524,5,20in Monitor,1,150,2020-10-29,Completed ,CC,COMPLETED
Cust4412,402313,913559,1368664,2011094,5200,14,20in Monitor,1,150,2021-09-14,Completed ,CC,COMPLETED
Cust1226,766816,0,2223919,0,2014,41,20in Monitor,1,150,2021-05-05,Completed ,CC,COMPLETED
Cust2909,964320,2933859,0,0,3697,2,20in Monitor,1,150,2020-12-09,Completed ,CC,COMPLETED
Cust6430,749233,2340729,3565320,1584164,7218,25,20in Monitor,1,150,2022-09-21,Completed ,CC,COMPLETED
Cust1850,287699,279559,0,0,2638,5,20in Monitor,1,150,2018-01-17,Completed ,CC,COMPLETED
Cust5206,283332,2112085,1644652,3514225,5994,24,20in Monitor,1,150,2019-05-19,Completed ,CC,COMPLETED
Cust5522,176100,3968711,558892,2926968,6310,14,20in Monitor,1,150,2020-03-30,Completed ,CC,COMPLETED
Cust4525,122907,3104961,3339763,3264797,5313,7,Google Phone,1,150,2022-01-05,Completed ,CC,COMPLETED
Cust3727,331141,994525,829295,3883330,4515,12,Google Phone,1,150,2018-11-02,Completed ,CC,COMPLETED
Cust2768,962848,173746,0,0,3556,4,Google Phone,1,150,2020-07-21,Completed ,CC,COMPLETED
Cust648,409323,3039133,3034951,3707395,1436,28,Google Phone,1,150,2019-10-09,Completed ,CC,COMPLETED
Cust5752,664591,439934,386036,594721,6540,33,Google Phone,1,150,2020-11-14,Completed ,CC,COMPLETED
Cust3895,692885,1713228,1006877,580014,4683,38,Google Phone,1,150,2020-04-16,Completed ,CC,COMPLETED
Cust6296,724125,1116085,960100,2924559,7084,36,Google Phone,1,150,2022-05-10,Completed ,CC,COMPLETED
Cust1019,571405,0,2269244,0,1807,9,Google Phone,1,150,2020-10-11,Completed ,CC,COMPLETED
Cust1180,474505,0,1858905,0,1968,15,Google Phone,1,150,2021-03-20,Completed ,CC,COMPLETED
Cust1550,177846,335561,0,0,2338,38,Google Phone,1,150,2022-03-23,Completed ,CC,COMPLETED
Cust2743,808743,3400741,0,0,3531,37,Google Phone,1,150,2020-06-26,Completed ,CC,COMPLETED
Cust2039,196892,725215,0,0,2827,6,Google Phone,1,150,2018-07-25,Completed ,CC,COMPLETED
Cust177,649938,0,2869506,0,965,24,Google Phone,1,150,2018-06-26,Completed ,CC,COMPLETED
Cust1605,291313,392229,0,0,2393,28,Google Phone,1,150,2022-05-17,Completed ,CC,COMPLETED
Cust2524,801601,349377,0,0,3312,6,Google Phone,1,150,2019-11-20,Completed ,CC,COMPLETED
Cust2240,806716,1944553,0,0,3028,23,Google Phone,1,150,2019-02-09,Completed ,CC,COMPLETED
Cust3319,232331,3820700,0,0,4107,31,Google Phone,1,150,2022-01-21,Completed ,CC,COMPLETED
Cust3299,273417,656409,0,0,4087,21,Google Phone,1,150,2022-01-01,Completed ,CC,COMPLETED
Cust1420,610466,1627323,0,0,2208,28,Google Phone,1,150,2021-11-14,Completed ,CC,COMPLETED
Cust1445,882946,792924,0,0,2233,20,Google Phone,1,150,2021-12-09,Completed ,CC,COMPLETED
Cust4152,246832,3222962,2490526,2188618,4940,21,Google Phone,1,150,2020-12-28,Completed ,CC,COMPLETED
Cust3054,395751,813849,0,0,3842,35,Google Phone,1,150,2021-05-02,Completed ,CC,COMPLETED
Cust4873,360867,1389494,3143423,2658071,5661,39,Flatscreen TV,1,150,2018-06-21,Completed ,CC,COMPLETED
Cust3161,537434,2841168,0,0,3949,22,Flatscreen TV,1,150,2021-08-17,Completed ,CC,COMPLETED
Cust3111,933007,1330826,0,0,3899,3,Flatscreen TV,1,150,2021-06-28,Completed ,CC,COMPLETED
Cust1148,279518,0,1323055,0,1936,3,Flatscreen TV,1,150,2021-02-16,Completed ,CC,COMPLETED
Cust2631,560170,0,0,3001748,3419,11,Flatscreen TV,1,150,2020-03-06,Completed ,CC,COMPLETED
Cust3693,394515,3915935,3687042,2313905,4481,40,Flatscreen TV,1,150,2018-09-29,Completed ,CC,COMPLETED
Cust86,866744,0,1385108,0,874,28,Flatscreen TV,1,150,2018-03-27,Completed ,CC,COMPLETED
Cust1307,120245,2290298,0,0,2095,43,Flatscreen TV,1,150,2021-07-25,Completed ,CC,COMPLETED
Cust616,325000,123501,2095589,3821124,1404,25,Flatscreen TV,1,150,2019-09-07,Completed ,CC,COMPLETED
Cust1678,316697,1712635,0,0,2466,15,Flatscreen TV,1,150,2022-07-29,Completed ,CC,COMPLETED
Cust195,720593,0,1501657,0,983,40,Flatscreen TV,1,150,2018-07-14,Completed ,CC,COMPLETED
Cust1036,615095,0,0,669121,1824,5,ThinkPad Laptop,1,150,2020-10-28,Completed ,CC,COMPLETED
Cust3649,406586,1817185,1148710,3838053,4437,35,ThinkPad Laptop,1,150,2018-08-16,Completed ,CC,COMPLETED
Cust3188,728368,3879796,0,0,3976,38,ThinkPad Laptop,1,150,2021-09-13,Completed ,CC,COMPLETED
Cust1094,966724,0,0,2723238,1882,6,Vareebadd Phone,1,150,2020-12-25,Completed ,CC,COMPLETED
Cust4374,469143,2157932,876396,2709566,5162,43,Vareebadd Phone,1,150,2021-08-07,Completed ,CC,COMPLETED
Cust3041,914728,2270561,0,0,3829,6,Vareebadd Phone,1,150,2021-04-20,Completed ,CC,COMPLETED
Cust6410,919134,2401987,1986405,1419591,7198,48,Vareebadd Phone,1,150,2022-09-01,Completed ,CC,COMPLETED
Cust2706,255925,0,0,2162491,3494,1,27in FHD Monitor,1,150,2020-05-20,Completed ,CC,COMPLETED
Cust4599,944229,2358882,1461641,668621,5387,13,27in FHD Monitor,1,150,2022-03-20,Completed ,CC,COMPLETED
Cust2737,169206,0,0,763331,3525,30,27in FHD Monitor,1,150,2020-06-20,Completed ,CC,COMPLETED
Cust2877,192299,2366081,0,0,3665,40,27in FHD Monitor,1,150,2020-11-07,Completed ,CC,COMPLETED
Cust4319,368846,2453775,1886317,2055851,5107,2,27in FHD Monitor,1,150,2021-06-13,Completed ,CC,COMPLETED
Cust3426,704058,0,0,3283308,4214,7,27in FHD Monitor,1,150,2018-01-06,Completed ,CC,COMPLETED
Cust4240,902653,1041495,992288,2587996,5028,41,27in FHD Monitor,1,150,2021-03-26,Completed ,CC,COMPLETED
Cust4027,260475,2874044,3034708,117334,4815,37,27in FHD Monitor,1,150,2020-08-26,Completed ,CC,COMPLETED
Cust5031,341897,3246228,3736217,2236259,5819,4,27in FHD Monitor,1,150,2018-11-25,Completed ,CC,COMPLETED
Cust4048,703464,2447609,1926653,646003,4836,27,27in FHD Monitor,1,150,2020-09-16,Completed ,CC,COMPLETED
Cust2907,556672,919106,0,0,3695,39,27in FHD Monitor,1,150,2020-12-07,Completed ,CC,COMPLETED
Cust1217,641424,0,100614,0,2005,40,27in FHD Monitor,1,150,2021-04-26,Completed ,CC,COMPLETED
Cust1023,326750,0,380533,0,1811,4,27in FHD Monitor,1,150,2020-10-15,Completed ,CC,COMPLETED
Cust5208,348691,1886953,2750753,3568446,5996,37,27in FHD Monitor,1,150,2019-05-21,Completed ,CC,COMPLETED
Cust4038,100930,3549734,2210383,408934,4826,13,27in FHD Monitor,1,150,2020-09-06,Completed ,CC,COMPLETED
Cust6422,955484,3531424,3108305,2109625,7210,48,27in FHD Monitor,1,150,2022-09-13,Completed ,CC,COMPLETED
Cust5374,100769,801269,2059574,3276033,6162,15,27in FHD Monitor,1,150,2019-11-03,Completed ,CC,COMPLETED
Cust5847,238334,1079496,2889828,1556225,6635,25,27in FHD Monitor,1,150,2021-02-17,Completed ,CC,COMPLETED
Cust6091,715546,3145436,1313664,425548,6879,18,27in FHD Monitor,1,150,2021-10-18,Completed ,CC,COMPLETED
Cust5638,115435,2786463,2610656,2277207,6426,37,27in FHD Monitor,1,150,2020-07-24,Completed ,CC,COMPLETED
Cust4314,688399,2662207,2637407,3993740,5102,7,27in FHD Monitor,1,150,2021-06-08,Completed ,CC,COMPLETED
Cust1554,797058,203456,0,0,2342,24,27in FHD Monitor,1,150,2022-03-27,Completed ,CC,COMPLETED
Cust3172,176230,3283326,0,0,3960,16,27in FHD Monitor,1,150,2021-08-28,Completed ,CC,COMPLETED
Cust2473,459082,419631,0,0,3261,24,27in FHD Monitor,1,150,2019-09-30,Completed ,CC,COMPLETED
Cust2277,153156,584185,0,0,3065,7,27in FHD Monitor,1,150,2019-03-18,Completed ,CC,COMPLETED
Cust6464,212754,783907,3801107,348188,7252,19,27in FHD Monitor,1,150,2022-10-24,Completed ,CC,COMPLETED
Cust868,784730,1828075,0,0,1656,7,27in FHD Monitor,1,150,2020-05-13,Completed ,CC,COMPLETED
Cust2365,892333,3309775,0,0,3153,8,27in FHD Monitor,1,150,2019-06-14,Completed ,CC,COMPLETED
Cust2457,121058,3552779,0,0,3245,4,27in FHD Monitor,1,150,2019-09-14,Completed ,CC,COMPLETED
Cust586,181192,961453,0,0,1374,6,27in FHD Monitor,1,150,2019-08-08,Completed ,CC,COMPLETED
Cust3554,292656,808163,3075710,3049607,4342,30,27in FHD Monitor,1,150,2018-05-13,Completed ,CC,COMPLETED
Cust87,397681,0,1976106,0,875,16,27in FHD Monitor,1,150,2018-03-28,Completed ,CC,COMPLETED
Cust2822,839029,3767948,0,0,3610,27,Wired Headphones,1,150,2020-09-13,Completed ,CC,COMPLETED
Cust1808,841040,2652469,0,0,2596,45,Wired Headphones,1,150,2022-12-06,Completed ,CC,COMPLETED
Cust1807,464678,2852916,0,0,2595,7,Wired Headphones,1,150,2022-12-05,Completed ,CC,COMPLETED
Cust3489,152639,1048573,221155,2000929,4277,37,Wired Headphones,1,150,2018-03-10,Completed ,CC,COMPLETED
Cust987,614695,1004217,0,0,1775,4,Wired Headphones,1,150,2020-09-09,Completed ,CC,COMPLETED
Cust4895,853463,3957310,842310,2895056,5683,29,Wired Headphones,1,150,2018-07-13,Completed ,CC,COMPLETED
Cust5748,669398,3972559,3386494,1662952,6536,45,Wired Headphones,1,150,2020-11-10,Completed ,CC,COMPLETED
Cust2476,216765,2331855,0,0,3264,7,Wired Headphones,1,150,2019-10-03,Completed ,CC,COMPLETED
Cust4815,650797,2532251,3363875,2233216,5603,15,Wired Headphones,1,150,2018-04-24,Completed ,CC,COMPLETED
Cust282,382761,3110396,0,0,1070,18,Wired Headphones,1,150,2018-10-08,Completed ,CC,COMPLETED
Cust3371,676039,0,0,143780,4159,30,Wired Headphones,1,150,2022-03-14,Completed ,CC,COMPLETED
Cust1264,284105,0,2255910,0,2052,36,Wired Headphones,1,150,2021-06-12,Completed ,CC,COMPLETED
Cust2159,659149,3544018,0,0,2947,25,Wired Headphones,1,150,2018-11-21,Completed ,CC,COMPLETED
Cust1610,112033,813978,0,0,2398,36,Wired Headphones,1,150,2022-05-22,Completed ,CC,COMPLETED
Cust1762,563765,3203172,0,0,2550,41,Wired Headphones,1,150,2022-10-21,Completed ,CC,COMPLETED
Cust4502,703954,123765,912119,263521,5290,16,Wired Headphones,1,150,2021-12-13,Completed ,CC,COMPLETED
Cust4392,945373,1308615,407076,1998249,5180,18,Wired Headphones,1,150,2021-08-25,Completed ,CC,COMPLETED
Cust2163,591678,3653128,0,0,2951,21,Wired Headphones,1,150,2018-11-25,Completed ,CC,COMPLETED
Cust2414,524903,1788985,0,0,3202,24,Wired Headphones,1,150,2019-08-02,Completed ,CC,COMPLETED
Cust2461,813956,1488624,0,0,3249,24,Wired Headphones,1,150,2019-09-18,Completed ,CC,COMPLETED
Cust2772,824342,1874745,0,0,3560,40,Wired Headphones,1,150,2020-07-25,Completed ,CC,COMPLETED
Cust1964,772840,3456291,0,0,2752,35,Wired Headphones,1,150,2018-05-11,Completed ,CC,COMPLETED
Cust3397,802811,0,0,1563742,4185,37,Wired Headphones,1,150,2022-04-08,Completed ,CC,COMPLETED
Cust6415,396440,661856,1542289,928658,7203,18,Wired Headphones,1,150,2022-09-06,Completed ,CC,COMPLETED
Cust6083,895766,2221149,977533,3532732,6871,10,Wired Headphones,1,150,2021-10-10,Completed ,CC,COMPLETED
Cust638,857703,2182830,3492089,2396198,1426,39,Wired Headphones,1,150,2019-09-29,Completed ,CC,COMPLETED
Cust4266,590057,1698939,879828,657172,5054,25,Wired Headphones,1,150,2021-04-21,Completed ,CC,COMPLETED
Cust5938,415408,3483285,3163374,919476,6726,35,Wired Headphones,1,150,2021-05-18,Completed ,CC,COMPLETED
Cust2312,660132,472194,0,0,3100,6,Wired Headphones,1,150,2019-04-22,Completed ,CC,COMPLETED
Cust4931,851901,2785040,2738585,3899909,5719,27,Wired Headphones,1,150,2018-08-18,Completed ,CC,COMPLETED
Cust969,168312,1222969,0,0,1757,43,Wired Headphones,1,150,2020-08-22,Completed ,CC,COMPLETED
Cust5673,100793,2166038,2550468,911589,6461,47,Wired Headphones,1,150,2020-08-27,Completed ,CC,COMPLETED
Cust3463,431970,0,0,1064760,4251,44,Wired Headphones,1,150,2018-02-12,Completed ,CC,COMPLETED
Cust2848,309593,310453,0,0,3636,41,Wired Headphones,1,150,2020-10-09,Completed ,CC,COMPLETED
Cust5799,207949,2381242,1634472,1090228,6587,14,Wired Headphones,1,150,2020-12-31,Completed ,CC,COMPLETED
Cust5284,219240,1152308,1190715,2101326,6072,42,Wired Headphones,1,150,2019-08-05,Completed ,CC,COMPLETED
Cust4805,313607,658764,1159669,120112,5593,50,Wired Headphones,1,150,2018-04-14,Completed ,CC,COMPLETED
Cust6215,146814,1563012,1691721,655244,7003,3,Wired Headphones,1,150,2022-02-18,Completed ,CC,COMPLETED
Cust2021,776353,3586802,0,0,2809,25,Wired Headphones,1,150,2018-07-07,Completed ,CC,COMPLETED
Cust4479,497675,2288833,2423451,2897828,5267,20,Wired Headphones,1,150,2021-11-20,Completed ,CC,COMPLETED
Cust1278,829370,0,3100026,0,2066,49,Wired Headphones,1,150,2021-06-26,Completed ,CC,COMPLETED
Cust1945,983578,1144392,0,0,2733,31,Wired Headphones,1,150,2018-04-22,Completed ,CC,COMPLETED
Cust1876,741351,214848,0,0,2664,44,Wired Headphones,1,150,2018-02-12,Completed ,CC,COMPLETED
Cust2137,987842,382869,0,0,2925,14,Wired Headphones,1,150,2018-10-30,Completed ,CC,COMPLETED
Cust3839,350669,3370320,3391477,2578580,4627,14,Wired Headphones,1,150,2020-02-21,Completed ,CC,COMPLETED
Cust4744,899551,3468365,1949399,2103361,5532,35,Wired Headphones,1,150,2018-02-22,Completed ,CC,COMPLETED
Cust2666,178259,0,0,2063837,3454,40,Wired Headphones,1,150,2020-04-10,Completed ,CC,COMPLETED
Cust4571,583945,420785,2829429,264467,5359,20,Wired Headphones,1,150,2022-02-20,Completed ,CC,COMPLETED
Cust2211,271809,2368209,0,0,2999,36,Wired Headphones,1,150,2019-01-12,Completed ,CC,COMPLETED
Cust5814,609483,464038,1572198,1478536,6602,49,Wired Headphones,1,150,2021-01-15,Completed ,CC,COMPLETED
Cust5755,409670,3967310,914464,1849478,6543,46,Wired Headphones,1,150,2020-11-17,Completed ,CC,COMPLETED
Cust5600,472614,859341,1099251,2718297,6388,19,Wired Headphones,1,150,2020-06-16,Completed ,CC,COMPLETED
Cust768,363764,3795695,3264577,1836563,1556,20,Wired Headphones,1,150,2020-02-03,Completed ,CC,COMPLETED
Cust3890,907882,3025483,294650,1141206,4678,35,Wired Headphones,1,150,2020-04-11,Completed ,CC,COMPLETED
Cust6395,662161,1745398,3562185,369385,7183,38,Wired Headphones,1,150,2022-08-17,Completed ,CC,COMPLETED
Cust3861,456936,1941320,2356364,3465120,4649,42,Wired Headphones,1,150,2020-03-14,Completed ,CC,COMPLETED
Cust4338,370127,3996160,837482,1382385,5126,47,Wired Headphones,1,150,2021-07-02,Completed ,CC,COMPLETED
Cust4554,325871,1597462,746083,1952688,5342,50,Wired Headphones,1,150,2022-02-03,Completed ,CC,COMPLETED
Cust1634,525128,3540933,0,0,2422,2,Wired Headphones,1,150,2022-06-15,Completed ,CC,COMPLETED
Cust1854,917942,758977,0,0,2642,15,LG Washing Machine,1,150,2018-01-21,Completed ,CC,COMPLETED
Cust2674,610848,0,0,657718,3462,2,LG Washing Machine,1,150,2020-04-18,Completed ,CC,COMPLETED
Cust4775,232241,269732,3579412,1742592,5563,5,LG Washing Machine,1,150,2018-03-25,Completed ,CC,COMPLETED
Cust5580,907940,724974,810079,973606,6368,2,LG Washing Machine,1,150,2020-05-27,Completed ,CC,COMPLETED
Cust5049,814200,2193542,3762219,1121047,5837,45,Macbook Pro Laptop,1,150,2018-12-13,Completed ,CC,COMPLETED
Cust5273,690275,127639,742686,1242303,6061,16,Macbook Pro Laptop,1,150,2019-07-25,Completed ,CC,COMPLETED
Cust5631,872632,1386374,1761113,2826137,6419,44,Macbook Pro Laptop,1,150,2020-07-17,Completed ,CC,COMPLETED
Cust1812,198048,1595455,0,0,2600,25,Macbook Pro Laptop,1,150,2022-12-10,Completed ,CC,COMPLETED
Cust2383,575844,2962913,0,0,3171,34,Macbook Pro Laptop,1,150,2019-07-02,Completed ,CC,COMPLETED
Cust5367,166534,2481268,3944362,2632920,6155,12,Macbook Pro Laptop,1,150,2019-10-27,Completed ,CC,COMPLETED
Cust6426,870750,2775881,3552653,1177359,7214,30,Macbook Pro Laptop,1,150,2022-09-17,Completed ,CC,COMPLETED
Cust6133,607241,1731692,2598695,1884940,6921,5,USB-C Charging Cable,1,150,2021-11-29,Completed ,CC,COMPLETED
Cust6275,589422,2838995,1289372,2728569,7063,12,USB-C Charging Cable,1,150,2022-04-19,Completed ,CC,COMPLETED
Cust2813,167618,2450569,0,0,3601,31,USB-C Charging Cable,1,150,2020-09-04,Completed ,CC,COMPLETED
Cust4384,802370,2710239,2782393,440286,5172,24,USB-C Charging Cable,1,150,2021-08-17,Completed ,CC,COMPLETED
Cust6024,179147,3213222,3478351,1036321,6812,32,USB-C Charging Cable,1,150,2021-08-12,Completed ,CC,COMPLETED
Cust5861,581987,3594124,531852,1454570,6649,34,USB-C Charging Cable,1,150,2021-03-03,Completed ,CC,COMPLETED
Cust2064,742266,2486761,0,0,2852,1,USB-C Charging Cable,1,150,2018-08-19,Completed ,CC,COMPLETED
Cust2671,796909,0,0,3311581,3459,9,USB-C Charging Cable,1,150,2020-04-15,Completed ,CC,COMPLETED
Cust881,231623,3302614,0,0,1669,14,USB-C Charging Cable,1,150,2020-05-26,Completed ,CC,COMPLETED
Cust1095,414121,0,0,3432543,1883,5,USB-C Charging Cable,1,150,2020-12-26,Completed ,CC,COMPLETED
Cust342,198152,2570928,0,0,1130,5,USB-C Charging Cable,1,150,2018-12-07,Completed ,CC,COMPLETED
Cust5616,259895,719906,3151017,3353866,6404,36,USB-C Charging Cable,1,150,2020-07-02,Completed ,CC,COMPLETED
Cust4475,581020,1455214,2884062,505053,5263,38,USB-C Charging Cable,1,150,2021-11-16,Completed ,CC,COMPLETED
Cust5450,985604,3128192,2022612,2871945,6238,44,USB-C Charging Cable,1,150,2020-01-18,Completed ,CC,COMPLETED
Cust342,198152,2570928,0,0,1130,5,USB-C Charging Cable,1,150,2018-12-07,Completed ,CC,COMPLETED
Cust342,198152,2570928,0,0,1130,5,USB-C Charging Cable,1,150,2018-12-07,Completed ,CC,COMPLETED
Cust5566,145288,3758390,2738160,3832743,6354,47,USB-C Charging Cable,1,150,2020-05-13,Completed ,CC,COMPLETED
Cust3927,620994,2463648,2779258,1542880,4715,50,USB-C Charging Cable,1,150,2020-05-18,Completed ,CC,COMPLETED
Cust6054,348550,1337524,1841473,3087646,6842,12,USB-C Charging Cable,1,150,2021-09-11,Completed ,CC,COMPLETED
Cust5402,279508,1335177,743548,3550562,6190,17,USB-C Charging Cable,1,150,2019-12-01,Completed ,CC,COMPLETED
Cust3653,715673,3792685,1507078,3923002,4441,30,USB-C Charging Cable,1,150,2018-08-20,Completed ,CC,COMPLETED
Cust1201,848918,0,3560677,0,1989,6,USB-C Charging Cable,1,150,2021-04-10,Completed ,CC,COMPLETED
Cust1932,951422,2150636,0,0,2720,8,USB-C Charging Cable,1,150,2018-04-09,Completed ,CC,COMPLETED
Cust3257,908429,818443,0,0,4045,10,USB-C Charging Cable,1,150,2021-11-20,Completed ,CC,COMPLETED
Cust2889,304099,2866927,0,0,3677,40,USB-C Charging Cable,1,150,2020-11-19,Completed ,CC,COMPLETED
Cust3309,197552,1035796,0,0,4097,8,USB-C Charging Cable,1,150,2022-01-11,Completed ,CC,COMPLETED
Cust6453,337684,641006,443624,3164334,7241,18,USB-C Charging Cable,1,150,2022-10-13,Completed ,CC,COMPLETED
Cust5086,100222,2676879,3480644,3811047,5874,37,USB-C Charging Cable,1,150,2019-01-19,Completed ,CC,COMPLETED
Cust800,793450,3308938,0,0,1588,42,USB-C Charging Cable,1,150,2020-03-06,Completed ,CC,COMPLETED
Cust5980,271888,1088007,1286916,456612,6768,38,USB-C Charging Cable,1,150,2021-06-29,Completed ,CC,COMPLETED
Cust2258,819793,3325538,0,0,3046,7,USB-C Charging Cable,1,150,2019-02-27,Completed ,CC,COMPLETED
Cust611,384686,3748590,1411706,2446309,1399,16,USB-C Charging Cable,1,150,2019-09-02,Completed ,CC,COMPLETED
Cust5322,157335,3567140,3304972,3409798,6110,36,USB-C Charging Cable,1,150,2019-09-12,Completed ,CC,COMPLETED
Cust1545,148460,755114,0,0,2333,22,USB-C Charging Cable,1,150,2022-03-18,Completed ,CC,COMPLETED
Cust1860,115984,622611,0,0,2648,24,USB-C Charging Cable,1,150,2018-01-27,Completed ,CC,COMPLETED
Cust5707,423501,1997917,3678378,1948467,6495,15,USB-C Charging Cable,1,150,2020-09-30,Completed ,CC,COMPLETED
Cust981,318822,676687,0,0,1769,26,USB-C Charging Cable,1,150,2020-09-03,Completed ,CC,COMPLETED
Cust975,113912,1199438,0,0,1763,29,USB-C Charging Cable,1,150,2020-08-28,Completed ,CC,COMPLETED
Cust1719,868296,2949959,0,0,2507,14,USB-C Charging Cable,1,150,2022-09-08,Completed ,CC,COMPLETED
Cust2470,950087,2790053,0,0,3258,31,USB-C Charging Cable,1,150,2019-09-27,Completed ,CC,COMPLETED
Cust5399,157417,1792291,2187641,1949901,6187,3,USB-C Charging Cable,1,150,2019-11-28,Completed ,CC,COMPLETED
Cust4486,931347,315853,450219,693886,5274,45,USB-C Charging Cable,1,150,2021-11-27,Completed ,CC,COMPLETED
Cust4868,469993,3470325,814657,1543781,5656,7,USB-C Charging Cable,1,150,2018-06-16,Completed ,CC,COMPLETED
Cust3499,722238,2928132,1808108,538526,4287,9,USB-C Charging Cable,1,150,2018-03-20,Completed ,CC,COMPLETED
Cust2360,296927,3425670,0,0,3148,16,USB-C Charging Cable,1,150,2019-06-09,Completed ,CC,COMPLETED
Cust973,265413,2502533,0,0,1761,37,USB-C Charging Cable,1,150,2020-08-26,Completed ,CC,COMPLETED
Cust2518,399777,1007229,0,0,3306,10,USB-C Charging Cable,1,150,2019-11-14,Completed ,CC,COMPLETED
Cust5387,626518,1429886,3625662,3118817,6175,49,USB-C Charging Cable,1,150,2019-11-16,Completed ,CC,COMPLETED
Cust1198,830076,0,1195248,0,1986,30,USB-C Charging Cable,1,150,2021-04-07,Completed ,CC,COMPLETED
Cust1533,992537,2867773,0,0,2321,42,USB-C Charging Cable,1,150,2022-03-06,Completed ,CC,COMPLETED
Cust3853,586871,2358321,385866,997511,4641,23,USB-C Charging Cable,1,150,2020-03-06,Completed ,CC,COMPLETED
Cust663,930935,3795823,182810,1515562,1451,34,USB-C Charging Cable,1,150,2019-10-23,Completed ,CC,COMPLETED
Cust3391,857842,0,0,2250119,4179,38,USB-C Charging Cable,1,150,2022-04-02,Completed ,CC,COMPLETED
Cust5291,367324,2497512,2300598,3799506,6079,47,USB-C Charging Cable,1,150,2019-08-12,Completed ,CC,COMPLETED
Cust342,198152,2570928,0,0,1130,5,USB-C Charging Cable,1,150,2018-12-07,Completed ,CC,COMPLETED
Cust960,754778,919547,0,0,1748,19,USB-C Charging Cable,1,150,2020-08-13,Completed ,CC,COMPLETED
Cust2926,729578,1183534,0,0,3714,46,USB-C Charging Cable,1,150,2020-12-26,Completed ,CC,COMPLETED
Cust2769,553535,1829297,0,0,3557,15,USB-C Charging Cable,1,150,2020-07-22,Completed ,CC,COMPLETED
Cust3718,174111,261854,1509506,117079,4506,44,USB-C Charging Cable,1,150,2018-10-24,Completed ,CC,COMPLETED
Cust4751,284389,489200,2757669,3731723,5539,34,USB-C Charging Cable,1,150,2018-03-01,Completed ,CC,COMPLETED
Cust1225,259568,0,3452715,0,2013,8,USB-C Charging Cable,1,150,2021-05-04,Completed ,CC,COMPLETED
Cust5967,586793,1227804,776961,3936805,6755,43,USB-C Charging Cable,1,150,2021-06-16,Completed ,CC,COMPLETED
Cust4588,756787,3354477,1777380,3399219,5376,4,USB-C Charging Cable,1,150,2022-03-09,Completed ,CC,COMPLETED
Cust1822,813137,1019074,0,0,2610,17,USB-C Charging Cable,1,150,2022-12-20,Completed ,CC,COMPLETED
Cust3959,920817,402791,1523401,1184118,4747,23,USB-C Charging Cable,1,150,2020-06-19,Completed ,CC,COMPLETED
Cust2824,639422,1189539,0,0,3612,36,USB-C Charging Cable,1,150,2020-09-15,Completed ,CC,COMPLETED
Cust4255,572733,2334348,2674838,3490676,5043,29,USB-C Charging Cable,1,150,2021-04-10,Completed ,CC,COMPLETED
Cust6056,915020,3310252,552930,2159731,6844,40,USB-C Charging Cable,1,150,2021-09-13,Completed ,CC,COMPLETED
Cust3381,469796,0,0,3353814,4169,7,USB-C Charging Cable,1,150,2022-03-23,Completed ,CC,COMPLETED
Cust1072,831726,0,0,1758845,1860,9,USB-C Charging Cable,1,150,2020-12-03,Completed ,CC,COMPLETED
Cust2916,444747,3316904,0,0,3704,14,USB-C Charging Cable,1,150,2020-12-16,Completed ,CC,COMPLETED
Cust4743,368127,311580,729567,3414803,5531,25,USB-C Charging Cable,1,150,2018-02-21,Completed ,CC,COMPLETED
Cust3735,333210,2758546,116759,3710856,4523,35,USB-C Charging Cable,1,150,2018-11-10,Completed ,CC,COMPLETED
Cust5252,536933,3475928,1678028,1496381,6040,50,USB-C Charging Cable,1,150,2019-07-04,Completed ,CC,COMPLETED
Cust5325,752467,2489524,1430536,2230495,6113,18,USB-C Charging Cable,1,150,2019-09-15,Completed ,CC,COMPLETED
Cust5710,187272,1644013,3791509,2586096,6498,42,USB-C Charging Cable,1,150,2020-10-03,Completed ,CC,COMPLETED
Cust2984,364438,2427558,0,0,3772,3,USB-C Charging Cable,1,150,2021-02-22,Completed ,CC,COMPLETED
Cust1995,513051,750202,0,0,2783,9,USB-C Charging Cable,1,150,2018-06-11,Completed ,CC,COMPLETED
Cust342,198152,2570928,0,0,1130,5,USB-C Charging Cable,1,150,2018-12-07,Completed ,CC,COMPLETED
Cust4232,181712,1539750,3086802,760484,5020,6,USB-C Charging Cable,1,150,2021-03-18,Completed ,CC,COMPLETED
Cust6096,348748,3393863,3207386,1183017,6884,26,USB-C Charging Cable,1,150,2021-10-23,Completed ,CC,COMPLETED
Cust1755,133767,1847539,0,0,2543,35,USB-C Charging Cable,1,150,2022-10-14,Completed ,CC,COMPLETED
Cust283,889902,537368,0,0,1071,49,USB-C Charging Cable,1,150,2018-10-09,Completed ,CC,COMPLETED
Cust5454,962896,1070434,1476236,3679835,6242,8,USB-C Charging Cable,1,150,2020-01-22,Completed ,CC,COMPLETED
Cust5928,918824,3726997,3315564,3424698,6716,40,USB-C Charging Cable,1,150,2021-05-08,Completed ,CC,COMPLETED
Cust5280,953354,1150751,2912645,2422452,6068,11,USB-C Charging Cable,1,150,2019-08-01,Completed ,CC,COMPLETED
Cust650,746795,3841707,3700234,3235161,1438,20,USB-C Charging Cable,1,150,2019-10-10,Completed ,CC,COMPLETED
Cust3924,298176,2327352,2414635,2559176,4712,30,USB-C Charging Cable,1,150,2020-05-15,Completed ,CC,COMPLETED
Cust996,429625,2048670,0,0,1784,45,USB-C Charging Cable,1,150,2020-09-18,Completed ,CC,COMPLETED
